{"cameraMode":{"drawMode":0,"name":"Shaded","section":"Shading Mode"},"sceneLighting":false,"audioPlay":false,"sceneViewState":{"m_AlwaysRefresh":false,"showFog":true,"showSkybox":false,"showFlares":true,"showImageEffects":true,"showParticleSystems":true,"showVisualEffectGraphs":true,"m_FxEnabled":true},"in2DMode":false,"pivot":{"x":-0.05770903825759888,"y":0.07352647930383682,"z":-0.02598382718861103},"rotation":{"x":0.2755191922187805,"y":0.6573950052261353,"z":-0.2820761799812317,"w":0.6421619653701782},"size":0.05615833029150963,"orthographic":true}