{"cameraMode":{"drawMode":0,"name":"Shaded","section":"Shading Mode"},"sceneLighting":false,"audioPlay":false,"sceneViewState":{"m_AlwaysRefresh":false,"showFog":true,"showSkybox":false,"showFlares":true,"showImageEffects":true,"showParticleSystems":true,"showVisualEffectGraphs":true,"m_FxEnabled":true},"in2DMode":false,"pivot":{"x":-0.010151289403438568,"y":-0.01791691780090332,"z":0.012858152389526368},"rotation":{"x":-0.1764744520187378,"y":-0.29857951402664187,"z":0.05629203841090202,"w":-0.936245322227478},"size":0.11785409599542618,"orthographic":true}