{"cameraMode":{"drawMode":0,"name":"Shaded","section":"Shading Mode"},"sceneLighting":false,"audioPlay":false,"sceneViewState":{"m_AlwaysRefresh":false,"showFog":true,"showSkybox":false,"showFlares":true,"showImageEffects":true,"showParticleSystems":true,"showVisualEffectGraphs":true,"m_FxEnabled":true},"in2DMode":false,"pivot":{"x":-0.051287200301885608,"y":0.017756275832653047,"z":-0.032263822853565219},"rotation":{"x":-0.23048317432403565,"y":-0.24220608174800874,"z":0.05936410650610924,"w":-0.9405896663665772},"size":0.05615833029150963,"orthographic":true}