{"cameraMode":{"drawMode":0,"name":"Shaded","section":"Shading Mode"},"sceneLighting":false,"audioPlay":false,"sceneViewState":{"m_AlwaysRefresh":false,"showFog":true,"showSkybox":false,"showFlares":true,"showImageEffects":true,"showParticleSystems":true,"showVisualEffectGraphs":true,"m_FxEnabled":true},"in2DMode":false,"pivot":{"x":-0.7001264691352844,"y":1.3428319692611695,"z":0.04764294624328613},"rotation":{"x":-0.01681404560804367,"y":0.9675149917602539,"z":-0.24324668943881989,"w":-0.06687845289707184},"size":1.2793588638305665,"orthographic":false}