{"cameraMode":{"drawMode":0,"name":"Shaded","section":"Shading Mode"},"sceneLighting":false,"audioPlay":false,"sceneViewState":{"m_AlwaysRefresh":false,"showFog":true,"showSkybox":false,"showFlares":true,"showImageEffects":true,"showParticleSystems":true,"showVisualEffectGraphs":true,"m_FxEnabled":true},"in2DMode":false,"pivot":{"x":-0.41506487131118777,"y":1.4899883270263672,"z":0.3729560375213623},"rotation":{"x":0.15137021243572236,"y":0.816379189491272,"z":-0.24745389819145204,"w":0.4993880093097687},"size":0.5304771065711975,"orthographic":false}