{"cameraMode":{"drawMode":0,"name":"Shaded","section":"Shading Mode"},"sceneLighting":false,"audioPlay":false,"sceneViewState":{"m_AlwaysRefresh":false,"showFog":true,"showSkybox":false,"showFlares":true,"showImageEffects":true,"showParticleSystems":true,"showVisualEffectGraphs":true,"m_FxEnabled":true},"in2DMode":false,"pivot":{"x":0.008446317166090012,"y":-0.07333067059516907,"z":-0.018963992595672609},"rotation":{"x":-0.18700389564037324,"y":0.7890978455543518,"z":-0.29227155447006228,"w":-0.5070796608924866},"size":0.4829244613647461,"orthographic":false}