{"cameraMode":{"drawMode":0,"name":"Shaded","section":"Shading Mode"},"sceneLighting":false,"audioPlay":false,"sceneViewState":{"m_AlwaysRefresh":false,"showFog":true,"showSkybox":false,"showFlares":true,"showImageEffects":true,"showParticleSystems":true,"showVisualEffectGraphs":true,"m_FxEnabled":true},"in2DMode":false,"pivot":{"x":0.12637412548065186,"y":1.2999999523162842,"z":0.04690849781036377},"rotation":{"x":-0.05414322018623352,"y":-0.9459547996520996,"z":0.21676068007946015,"w":-0.23529186844825746},"size":1.9348703622817994,"orthographic":true}