{"cameraMode":{"drawMode":0,"name":"Shaded","section":"Shading Mode"},"sceneLighting":false,"audioPlay":false,"sceneViewState":{"m_AlwaysRefresh":false,"showFog":true,"showSkybox":false,"showFlares":true,"showImageEffects":true,"showParticleSystems":true,"showVisualEffectGraphs":true,"m_FxEnabled":true},"in2DMode":false,"pivot":{"x":9.359791874885559e-8,"y":0.0009696520864963532,"z":9.685754776000977e-8},"rotation":{"x":-0.18700389564037324,"y":0.7890978455543518,"z":-0.29227155447006228,"w":-0.5070796608924866},"size":0.035515811294317248,"orthographic":false}