{"cameraMode":{"drawMode":0,"name":"Shaded","section":"Shading Mode"},"sceneLighting":true,"audioPlay":false,"sceneViewState":{"m_AlwaysRefresh":false,"showFog":true,"showSkybox":true,"showFlares":true,"showImageEffects":true,"showParticleSystems":true,"showVisualEffectGraphs":true,"m_FxEnabled":true},"in2DMode":false,"pivot":{"x":1.9836455583572388,"y":2.391014337539673,"z":2.9773714542388918},"rotation":{"x":-0.04644785821437836,"y":-0.12078860402107239,"z":0.005670427810400724,"w":-0.9915817379951477},"size":4.588484764099121,"orthographic":true}