{"cameraMode":{"drawMode":0,"name":"Shaded","section":"Shading Mode"},"sceneLighting":true,"audioPlay":false,"sceneViewState":{"m_AlwaysRefresh":false,"showFog":true,"showSkybox":true,"showFlares":true,"showImageEffects":true,"showParticleSystems":true,"showVisualEffectGraphs":true,"m_FxEnabled":true},"in2DMode":false,"pivot":{"x":-0.9917469024658203,"y":12.276390075683594,"z":-30.143115997314454},"rotation":{"x":-0.4106895327568054,"y":0.021142352372407914,"z":-0.009747631847858429,"w":-0.9115442037582398},"size":21.45447540283203,"orthographic":true}