{"cameraMode":{"drawMode":0,"name":"Shaded","section":"Shading Mode"},"sceneLighting":true,"audioPlay":false,"sceneViewState":{"m_AlwaysRefresh":false,"showFog":true,"showSkybox":true,"showFlares":true,"showImageEffects":true,"showParticleSystems":true,"showVisualEffectGraphs":true,"m_FxEnabled":true},"in2DMode":false,"pivot":{"x":-23.837928771972658,"y":2.7368674278259279,"z":-43.17689895629883},"rotation":{"x":0.04494677856564522,"y":0.8913042545318604,"z":-0.44243669509887698,"w":0.08938784897327423},"size":0.9457213878631592,"orthographic":false}