{"cameraMode":{"drawMode":0,"name":"Shaded","section":"Shading Mode"},"sceneLighting":true,"audioPlay":false,"sceneViewState":{"m_AlwaysRefresh":false,"showFog":true,"showSkybox":true,"showFlares":true,"showImageEffects":true,"showParticleSystems":true,"showVisualEffectGraphs":true,"m_FxEnabled":true},"in2DMode":false,"pivot":{"x":-25.527496337890626,"y":3.3476333618164064,"z":-6.80289888381958},"rotation":{"x":-0.026399509981274606,"y":0.9512813687324524,"z":-0.08624374121427536,"w":-0.2951034605503082},"size":2.8125486373901369,"orthographic":false}