{"cameraMode":{"drawMode":0,"name":"Shaded","section":"Shading Mode"},"sceneLighting":true,"audioPlay":false,"sceneViewState":{"m_AlwaysRefresh":false,"showFog":true,"showSkybox":true,"showFlares":true,"showImageEffects":true,"showParticleSystems":true,"showVisualEffectGraphs":true,"m_FxEnabled":true},"in2DMode":false,"pivot":{"x":1.1849042177200318,"y":3.012559652328491,"z":3.2268335819244386},"rotation":{"x":-0.35269808769226076,"y":-0.11441555619239807,"z":0.04351339861750603,"w":-0.9277036786079407},"size":17.09247589111328,"orthographic":true}