{"cameraMode":{"drawMode":0,"name":"Shaded","section":"Shading Mode"},"sceneLighting":true,"audioPlay":false,"sceneViewState":{"m_AlwaysRefresh":false,"showFog":true,"showSkybox":true,"showFlares":true,"showImageEffects":true,"showParticleSystems":true,"showVisualEffectGraphs":true,"m_FxEnabled":true},"in2DMode":false,"pivot":{"x":68.7862319946289,"y":3.3446199893951418,"z":-52.460426330566409},"rotation":{"x":0.16276061534881593,"y":0.7071941494941711,"z":-0.17170250415802003,"w":0.6665219664573669},"size":27.010522842407228,"orthographic":false}