{"cameraMode":{"drawMode":0,"name":"Shaded","section":"Shading Mode"},"sceneLighting":false,"audioPlay":false,"sceneViewState":{"m_AlwaysRefresh":false,"showFog":true,"showSkybox":false,"showFlares":true,"showImageEffects":true,"showParticleSystems":true,"showVisualEffectGraphs":true,"m_FxEnabled":true},"in2DMode":false,"pivot":{"x":-0.48574379086494448,"y":0.2833006978034973,"z":0.39425909519195559},"rotation":{"x":-0.28012973070144656,"y":0.18775758147239686,"z":-0.05663812533020973,"w":-0.9398218393325806},"size":0.6116927862167358,"orthographic":false}